"legacy_id","title","content","tag","author_nickname","created_at","updated_at"
"hc00mnt68hvy9v9","잘 만드셨네요","잘 사용하겠습니다","#굿","ㄷㅂㅈㄷ","2024-12-17 02:27:44.935Z","2024-12-17 02:27:44.935Z"
"xuvw1k54e1jobik","회원가입시 글쓰기 가능","잼잼","꿀팁","테스트용","2024-07-14 14:52:34.984Z","2024-07-14 14:52:34.984Z"
"p0m9c2liqvuu5ge","잘하노","좀치네","ㄴㄴ","asdfasef","2024-04-20 01:34:41.019Z","2024-04-20 01:34:41.019Z"
"lbmp5mgjb3wn8rm","우왕","왕","왕","테스트용","2024-03-14 06:51:30.004Z","2024-03-14 06:51:30.004Z"
"weqh4dr6rljm2xm","테스트","안녕하세요.","찾아줘!","Bellori","2024-03-14 04:42:05.145Z","2024-03-14 04:42:05.145Z"
"pbqbomba6mt8u2s","안녕하세요","내용없음","고생하셨습니다","테스트용","2024-03-14 01:15:38.115Z","2024-03-14 01:15:38.115Z"
"iu5jpq9xlzxtjo0","자유메모장","장볼거 써놔야징 당근 가지 두부","일상","안녕하세영","2024-03-13 13:35:58.501Z","2024-03-13 13:35:58.501Z"
"dv8bugj411b53ng","회색지대의 비즈니스","EU 의원들은 규정 변경을 통해 소규모 업체들이 수익성 높은 아이폰 시장에 진입할 수 있기를 기대한다.

시카고 근처에 거주하며 EU에서 최초의 대체 앱- 스토어를 출시하려고 하는 전직 해커이자 사업가인 콜튼 아담스키(22)는 ""애플은 개방한다고 말하지만 여전히 아이폰을 꽉 쥐고 있다""고 밝혔다.

그는 6년 넘게 비공식 아이폰 앱 스토어를 운영해 왔다.

그는 이 비공식 앱 스토어를 “회색 비즈니스”로 표현하며 법적으로 허용되는 범위의 경계에서 운영되고 있다고 전했다. EU를 제외한 모든 지역에서 앱 스토어를 개설하는 것은 애플 약관에 위배되며, 공식 앱스토어가 아닌 곳에서 앱을 설치하는 것은 금지돼 있다.","정보","제주살고싶다","2024-03-13 06:09:02.482Z","2024-03-13 06:09:02.482Z"
"qxqwq7lfrnl67v0","gd","gd","zz","Bellori","2024-03-13 04:22:38.083Z","2024-03-13 04:22:38.083Z"
"lin0tlpjfc4lavq","사실이건 자유메모장","오늘 장보기 할 내용","고구마 #감자","테스트용","2024-03-13 00:36:29.983Z","2024-03-13 00:36:29.983Z"
"1hg6uyuerei6ixa","🫐🐿️","다람쥐는 블루베리를 좋아한다","블루베리크림치즈바게트는맛있다","세븐일레븐","2024-03-12 06:37:39.517Z","2024-03-12 06:38:14.668Z"
"kgz9v01eir1zfzc","물품 찾기 서비스 활용법 소개","물품 찾기 서비스를 더 효율적으로 활용하는 방법에 대해 소개합니다. 검색 기능 활용법, 필터링 팁, 신뢰할 수 있는 판매자 선택 방법 등을 공유해주세요.
효율적인","효율적인","도토리다람쥐","2024-03-12 05:19:08.371Z","2024-03-12 05:20:54.842Z"
"licg312p85qxxvw","물품 찾기 서비스 이용 팁 및 경험 공유","자유게시판에 물품 찾기 서비스를 이용하는 사람들을 위한 유용한 정보와 경험담을 공유하는 스레드입니다. 서비스 이용 팁, 추천하는 방법, 주의사항 등을 함께 공유해주세요.
","유용한","세븐일레븐","2024-03-12 05:18:39.602Z","2024-03-12 05:21:00.385Z"
"1co60mr131zpjbm","테스트","테스트2","#음하하하하","닉넴변경","2024-03-11 08:43:05.094Z","2024-03-11 08:43:05.094Z"
"fltod0b9620srre","태그 테스트","리액트에서 타입스크립트를 사용하여 값을 합성하려면 중괄호({})와 문자열 템플릿 리터럴을 사용하여 변수를 삽입할 수 있습니다. 아래는 예시 코드입니다.","테스트","삼월일일일","2024-03-11 08:32:07.804Z","2024-03-11 08:32:07.804Z"
"laq0njepdtkj0xd","꺅!","꺄아아악!","ㅇ","테스트용","2024-03-11 02:21:23.246Z","2024-03-12 05:21:23.193Z"
"em95c63h68f81t8","시공간을 넘어서","서기 2050년, 인류는 과학과 기술의 발전으로 시공간을 넘어 다른 차원으로 이동할 수 있는 기술을 보유하게 되었다. 이 기술은 처음에는 탐험과 연구 목적으로만 사용되었지만, 곧 사회적으로도 활용되기 시작했다.

주인공인 프랑스의 과학자 클레어는 시공간 여행이 가능하다는 것을 발견했을 때, 그녀는 과거로 가서 자신의 아버지와 이야기를 나누는 것이 그녀의 꿈이었다. 그러나 시간여행은 예측 불가능한 위험과 함께 오는 것이었다. 클레어가 과거로 여행하면서 그녀는 과거의 선택들이 미래에 어떤 영향을 미치는지를 깨달았고, 자신이 과거를 바꾸","유머","변해라얍","2024-03-10 15:22:19.687Z","2024-03-10 16:26:25.494Z"
"f89magdhqzyqrsp","눙물의 글쓰기","엉엉엉엉 테스트 ","성공","변해라얍","2024-03-09 10:16:55.344Z","2024-03-11 14:47:03.475Z"
"f8wkyv7d535r11u","코딩 중, 고양이의 코드 타이핑","한 개발자가 코딩을 하던 중, 고양이가 키보드 위에 올라와 타이핑을 시작했다. 고양이의 코드는 항상 ""print('냥냥이의 코드')""로 끝났다. 개발자는 놀랐지만 즐겁게 대화를 이어갔고, 고양이를 자신의 코드 파트너로 생각하기 시작했다.
","유우머","도토리다람쥐","2024-03-09 10:14:15.397Z","2024-03-10 16:26:36.536Z"
"v9nyzyzem8r607i","길 잃은 개발자의 디버깅 이야 기 한번 들어보시겟습니까","어느 날, 개발자 한 명이 코드를 작성하던 중, 실수로 무한 루프를 만들어 버렸습니다. 문제는 무한 루프에 빠져서 컴퓨터가 멈추지 않는다는 것이었습니다. 당황한 개발자는 일단 컴퓨터를 끄고 재부팅을 시도했지만, 문제는 여전히 해결되지 않았습니다.

그래서 개발자는 인터넷에서 문제를 해결하는 방법을 찾아보았습니다. 하지만 그의 컴퓨터는 이미 무한 루프에 빠져있어서 아무것도 할 수 없었습니다. 결국, 개발자는 컴퓨터를 흔들어 보았지만, 아무런 변화도 없었습니다.

이때, 개발자의 동료가 다가와서 말했습니다. ""컴퓨터를 끄고 재부팅하면 안되나요? 그걸로 해결되지 않나요?"" 개발자는 한숨을 내쉬고 ""나도 그거 시도해봤는데, 안 되더라""고 대답했습니다.

결국, 이들은 둘 다 웃음을 터뜨리며 컴퓨터를 다시 시작하고 문제를 해결했습니다. 이 일은 항상 우리에게 기억할만한 웃음을 주는 경험이었습니다.



","일상","도토리다람쥐","2024-03-09 10:09:57.891Z","2024-03-10 16:27:02.944Z"
"jvudw5eot9pyeok","물건 찾습니다","안녕하세요,

저는 얼마 전에 [물건을 잃어버렸거나, 잃어버린 물건을 써주세요]라는 장소에서 실수로 소중한 물건을 잃어버렸어요. 이 물건은 저에게 매우 소중하고, 그것을 되찾고 싶습니다.

물건은 [물건의 종류 및 특징을 간단히 설명해주세요]이며, 제가 마지막으로 그것을 봤던 장소는 [장소를 명시해주세요]입니다. 장소를 떠나기 전에는 분명 그것을 가지고 있었지만, 이제는 찾을 수 없습니다.

만약 누군가가 그것을 발견했다면, 제게 연락해 주십시오. 보상도 드리겠습니다. 그리고 제발 도와주세요. 이 물건은 저에게 매우 중요합니다.

감사합니다.","시청앞","벨로리","2024-03-09 09:13:25.536Z","2024-03-10 16:27:11.191Z"
"pf20pndvr7r935w","새로 작성!","테스트 글입니다~","태그","도토리다람쥐","2024-03-02 09:33:40.273Z","2024-03-10 16:26:52.075Z"
"zvcw91ajmkysjkp","안녕하세요 반가워요","그래요 ~","해시태그해시브라운","도토리다람쥐","2024-02-29 02:52:57.728Z","2024-03-10 16:26:47.929Z"
"tpizc3bi2vlmswk","테스트입니다.","제곧내","리액트","벨로리","2024-02-22 02:48:04.958Z","2024-03-10 16:26:43.236Z"